"PID","Time","Time(ms)"
"","+1m46s760ms","106760"
"","+18m21s997ms","1101997"
"","+28m18s791ms","1698791"
"","+19s363ms","19363"
"","+1s75ms","1075"
"","+5s445ms","5445"
"","+6m26s194ms","386194"
"","+51m21s737ms","3081737"
"","+204ms","204"
"","+101ms","101"
"","+307ms","307"
"","+45s592ms","45592"
"","+2s317ms","2317"
"","+688ms","688"
"","+10ms","10"
"","+85ms","85"
"","+13m28s58ms","808058"
"","+1s856ms","1856"
"","+2s582ms","2582"
"","+27m53s749ms","1673749"
"","+2m0s283ms","120283"
"","+1ms","1"
"","+136ms","136"
"","+2m33s921ms","153921"
"","+1s557ms","1557"
"","+616ms","616"
"","+1s606ms","1606"
"","+30s41ms","30041"
"","+18ms","18"
"","+29ms","29"
"","+1m19s695ms","79695"
"","+14s669ms","14669"
"","+1ms","1"
"","+15s945ms","15945"
"","+14s568ms","14568"
